"","sub_id","sex","age","depression"
"1",1,"f",26.7300665413495,0
"2",2,"f",23.7385892693419,0
"3",3,"m",33.4634505421855,0
"4",4,"m",28.4203048073687,0
"5",5,"f",31.4225193031598,1
"6",6,"m",20.6232822011225,0
